{"final_video_seed0":{"height":210,"_type":"video-file","sha256":"dfd23c7190b8cb3ed79acc1bd46e293ca4a47facb315117f93852aa78f07efa3","size":30465,"path":"media/videos/final_video_seed0_199753728_dfd23c7190b8cb3ed79a.mp4","width":160},"qvals":3.291158437728882,"update_steps":762,"env_done":0.004199981689453125,"td_loss":0.00425510760396719,"_runtime":300,"time":2859.21533203125,"env_step":199753728,"_step":199753728,"_timestamp":1.7742034784652488e+09,"grad_steps":292608,"_wandb":{"runtime":300},"returned_episode_returns":24.450054168701172,"env_reward":0.10200119018554688,"final_return_seed0":25,"returned_episode":0.004199981689453125,"returned_episode_lengths":282.08380126953125}