{"_runtime":8225,"_step":99999744,"env_step":99999744,"update_steps":24414,"final_video_seed0":{"sha256":"326332bddaa2e6d311dd69e375b0c0ff8c5eab1eeb0278ce1352d1d6661acaf1","size":45016,"path":"media/videos/final_video_seed0_99999744_326332bddaa2e6d311dd.mp4","width":160,"height":210,"_type":"video-file"},"qvals":0.0012876647524535656,"grad_steps":195312,"returned_episode_returns":-0.1328125,"_timestamp":1.774185932500719e+09,"env_done":0.00048828125,"time":3355.70166015625,"returned_episode":0.00048828125,"env_reward":0,"returned_episode_lengths":896.41748046875,"td_loss":2.9201248253230006e-05,"final_return_seed0":0,"_wandb":{"runtime":8225}}