{"final_return_seed0":3,"returned_episode_lengths":2354.51904296875,"_wandb":{"runtime":451},"final_video_seed0":{"sha256":"1e8ea8e9ed4c253c866613d558c7a3ccc1ffd9b6cd0057ab39f37bc76e1ba28f","size":221982,"path":"media/videos/final_video_seed0_49938432_1e8ea8e9ed4c253c8666.mp4","width":160,"height":210,"_type":"video-file"},"time":22436.8828125,"returned_episode":0.00043487548828125,"_step":49938432,"td_loss":0.0037514790892601013,"grad_steps":243840,"env_done":0.00043487548828125,"env_step":49938432,"returned_episode_returns":15.092658996582031,"_timestamp":1.7739789981493356e+09,"qvals":0.4375148415565491,"env_reward":0.00620269775390625,"update_steps":381,"_runtime":451}