{"grad_steps":195312,"_wandb":{"runtime":8578},"_timestamp":1.7741980867855844e+09,"env_reward":0,"update_steps":24414,"_runtime":8578,"env_done":0,"td_loss":2.058660129478085e-06,"_step":99999744,"env_step":99999744,"returned_episode":0,"returned_episode_lengths":10937.50390625,"final_video_seed0":{"_type":"video-file","sha256":"cdd31d02bec859d3e0202899535c023d739be2eb80e1cf993a8393b420e02868","size":50144,"path":"media/videos/final_video_seed0_99999744_cdd31d02bec859d3e020.mp4","width":160,"height":210},"qvals":0.043615467846393585,"final_return_seed0":0,"time":33540.62890625,"returned_episode_returns":4.7373046875}