{"td_loss":0.0038806512020528316,"time":26027.0390625,"_step":199753728,"env_done":0.000804901123046875,"_runtime":311,"returned_episode_lengths":1146.52294921875,"returned_episode_returns":19.616531372070312,"env_step":199753728,"qvals":0.876610517501831,"_timestamp":1.7742031357453392e+09,"final_video_seed0":{"size":123183,"path":"media/videos/final_video_seed0_199753728_33669295185ded292807.mp4","width":160,"height":210,"_type":"video-file","sha256":"33669295185ded292807dff9553736903b89f6e4bfcca249c7601666aab4a49a"},"env_reward":0.015369415283203125,"final_return_seed0":19,"update_steps":762,"_wandb":{"runtime":311},"returned_episode":0.000804901123046875,"grad_steps":292608}