{"update_steps":762,"env_done":0.0039825439453125,"_wandb":{"runtime":300},"td_loss":0.004089616239070892,"final_video_seed0":{"size":36725,"path":"media/videos/final_video_seed0_199753728_cb3355a73759aba998b8.mp4","width":160,"height":210,"_type":"video-file","sha256":"cb3355a73759aba998b8bdd7bc99edd131ac01844dd8d4bcd6b95d2dd6c56cb0"},"returned_episode":0.0039825439453125,"final_return_seed0":24,"_step":199753728,"_timestamp":1.7741306023195226e+09,"time":2261.251220703125,"grad_steps":292608,"_runtime":300,"env_reward":0.10703277587890625,"returned_episode_lengths":285.58026123046875,"env_step":199753728,"qvals":3.513178586959839,"returned_episode_returns":24.415119171142578}