{"time":13788.455078125,"returned_episode":0.001422882080078125,"final_return_seed0":24,"td_loss":0.00876622088253498,"update_steps":762,"env_done":0.001422882080078125,"returned_episode_lengths":573.6822509765625,"returned_episode_returns":18.631362915039062,"_timestamp":1.7741314897868123e+09,"_runtime":289,"_wandb":{"runtime":289},"env_step":199753728,"grad_steps":292608,"_step":199753728,"qvals":1.3309507369995117,"final_video_seed0":{"width":160,"height":210,"_type":"video-file","sha256":"bb3a24dacd0667a92efdea6a109846fa558d538da935d1f9c9c2d3c80421c63d","size":69340,"path":"media/videos/final_video_seed0_199753728_bb3a24dacd0667a92efd.mp4"},"env_reward":0.026775360107421875}