{"returned_episode_returns":-15.6240234375,"env_done":0,"returned_episode":0,"td_loss":0.0001575759524712339,"time":30545.51953125,"_runtime":961.930125489,"qvals":0.0023307790979743004,"env_reward":-0.000732421875,"_timestamp":1.7740310162925687e+09,"env_step":10321920,"update_steps":2520,"grad_steps":20160,"_wandb":{"runtime":961},"returned_episode_lengths":1590.1376953125,"_step":10321920}