{"env_reward":2.182769775390625,"env_done":0.001190185546875,"returned_episode_returns":2213.148193359375,"_runtime":1219,"_step":49938432,"td_loss":0.13000689446926117,"returned_episode":0.001190185546875,"final_video_seed0":{"width":160,"height":210,"_type":"video-file","sha256":"69ac70426c010f6d1ef2ebb1a139d0ba5608a7eedbd827bb401ea496d0f2c81e","size":30680,"path":"media/videos/final_video_seed0_49938432_69ac70426c010f6d1ef2.mp4"},"update_steps":381,"_timestamp":1.7720391043148625e+09,"_wandb":{"runtime":1219},"final_return_seed0":360,"time":2378.434814453125,"qvals":8.050589561462402,"returned_episode_lengths":961.0888671875,"difficulty_level":1,"grad_steps":243840,"env_step":49938432}