{"final_video_seed0":{"size":48422,"path":"media/videos/final_video_seed0_99999744_f1460b501eb7a324d072.mp4","width":160,"height":210,"_type":"video-file","sha256":"f1460b501eb7a324d07226c97aa797f28e83bf8f2055427683a40ac46be4b163"},"final_return_seed0":0,"_runtime":8501,"returned_episode_lengths":17984.546875,"_wandb":{"runtime":8501},"_step":99999744,"env_done":0.000244140625,"env_reward":-0.00048828125,"update_steps":24414,"grad_steps":195312,"env_step":99999744,"time":21964.6484375,"td_loss":5.301911005517468e-05,"_timestamp":1.7741432109476655e+09,"returned_episode":0.000244140625,"qvals":-0.004118844401091337,"returned_episode_returns":-5.796875}