{"env_done":0,"final_return_seed0":0,"grad_steps":195312,"returned_episode_lengths":17985.056640625,"_runtime":7875,"final_video_seed0":{"_type":"video-file","sha256":"ff92abbfb8d3ec0b0355a529485106e0bc9befddbeaa2a5edffca95164400c3c","size":53763,"path":"media/videos/final_video_seed0_99999744_ff92abbfb8d3ec0b0355.mp4","width":160,"height":210},"returned_episode":0,"qvals":0.008053465746343136,"env_reward":0,"time":24130.234375,"_timestamp":1.7740415843017488e+09,"_step":99999744,"_wandb":{"runtime":7875},"env_step":99999744,"returned_episode_returns":-3.2626953125,"update_steps":24414,"td_loss":4.888162948191166e-05}