{"_runtime":302,"env_done":0.0010528564453125,"env_reward":0.0160064697265625,"final_return_seed0":16,"_timestamp":1.7742027645805032e+09,"final_video_seed0":{"width":160,"height":210,"_type":"video-file","sha256":"a70e5fcfefbd92ed6d3fddb75732ae40bc17f0348e7d90fb6e6bf916188c4235","size":69810,"path":"media/videos/final_video_seed0_199753728_a70e5fcfefbd92ed6d3f.mp4"},"grad_steps":292608,"returned_episode_returns":15.372413635253906,"_step":199753728,"env_step":199753728,"returned_episode_lengths":1011.10107421875,"_wandb":{"runtime":302},"returned_episode":0.0010528564453125,"qvals":0.9559516906738281,"time":24517.16015625,"td_loss":0.004832971375435591,"update_steps":762}