{"env_reward":0.02568817138671875,"_timestamp":1.7740297935096486e+09,"returned_episode":0.00131988525390625,"_step":199753728,"final_return_seed0":13,"_runtime":308,"update_steps":762,"env_done":0.00131988525390625,"env_step":199753728,"grad_steps":292608,"qvals":1.2929491996765137,"td_loss":0.007620061747729778,"_wandb":{"runtime":308},"time":15681.5126953125,"final_video_seed0":{"size":120864,"path":"media/videos/final_video_seed0_199753728_7d2f979b54053f73f7b0.mp4","width":160,"height":210,"_type":"video-file","sha256":"7d2f979b54053f73f7b0da7766e3ea8390f7956e84a9f06bb2c5f9c4a3dcd4c8"},"returned_episode_returns":19.78586196899414,"returned_episode_lengths":876.8861083984375}