{"_wandb":{"runtime":3500},"returned_episode":0.001708984375,"td_loss":0.013603038154542446,"env_reward":0.041748046875,"update_steps":9804,"qvals":1.3783390522003174,"_timestamp":1.7742015868627791e+09,"_runtime":3500.25151642,"grad_steps":78432,"env_step":40157184,"time":1939.707763671875,"returned_episode_lengths":469.61767578125,"returned_episode_returns":17.874267578125,"env_done":0.001708984375,"_step":40157184}