{"returned_episode_returns":0.012939453125,"_wandb":{"runtime":323},"_step":199753728,"qvals":0.3455481231212616,"returned_episode":0,"env_done":0,"final_video_seed0":{"path":"media/videos/final_video_seed0_199753728_e343e8c005eeb43595f9.mp4","width":160,"height":210,"_type":"video-file","sha256":"e343e8c005eeb43595f908c6e1b5e8baa5f61d45e63080432e93c6174a26a5ea","size":36250},"final_return_seed0":0,"grad_steps":292608,"_runtime":323,"env_reward":0,"time":679.8878173828125,"env_step":199753728,"returned_episode_lengths":896.3636474609375,"update_steps":762,"_timestamp":1.7741293905968843e+09,"td_loss":1.7113015928771347e-06}