{"_step":380,"_wandb":{"runtime":1022},"returned_episode_lengths":963.3359985351562,"returned_episode_returns":2322.986083984375,"difficulty_level":1,"env_done":0.00106048583984375,"_timestamp":1.772041401548109e+09,"_runtime":1022,"time":2380.2734375,"returned_episode":0.00106048583984375,"env_reward":2.426300048828125}