{"_step":199753728,"grad_steps":292608,"qvals":1.2339380979537964,"final_return_seed0":20,"returned_episode_lengths":544.1815795898438,"returned_episode_returns":18.24481201171875,"env_step":199753728,"time":13856.765625,"env_reward":0.0233154296875,"_runtime":304,"_wandb":{"runtime":304},"_timestamp":1.7742042504405115e+09,"returned_episode":0.0009918212890625,"td_loss":0.007631400134414434,"update_steps":762,"final_video_seed0":{"_type":"video-file","sha256":"75196fc33ffcfd7ea23a7b3f2d055cda3d8e14ed6b9abed36eed97c7f2fb021a","size":98473,"path":"media/videos/final_video_seed0_199753728_75196fc33ffcfd7ea23a.mp4","width":160,"height":210},"env_done":0.0009918212890625}