{"returned_episode_returns":19.64026641845703,"_timestamp":1.7740337159223979e+09,"returned_episode":0.001232147216796875,"_runtime":328,"env_reward":0.0241546630859375,"_step":199753728,"grad_steps":292608,"env_step":199753728,"_wandb":{"runtime":328},"env_done":0.001232147216796875,"final_return_seed0":2,"update_steps":762,"time":17996.603515625,"td_loss":0.006857308559119701,"final_video_seed0":{"path":"media/videos/final_video_seed0_199753728_0b4e0a0dddc45110060e.mp4","width":160,"height":210,"_type":"video-file","sha256":"0b4e0a0dddc45110060ec24ab645772e0dd095e3f3057d593f92f0cdcc6de601","size":67226},"qvals":1.2479240894317627,"returned_episode_lengths":892.3828125}