{"returned_episode":0.000675201416015625,"update_steps":762,"env_done":0.000675201416015625,"_step":199753728,"qvals":0.6719330549240112,"td_loss":0.0028940425254404545,"returned_episode_lengths":1419.433837890625,"_timestamp":1.7741297964512892e+09,"returned_episode_returns":14.36629867553711,"time":33724.8203125,"grad_steps":292608,"env_reward":0.008815765380859375,"final_video_seed0":{"height":210,"_type":"video-file","sha256":"16ec5fae903b37c6431f3bb3eb24c56ec14d13f92b300bb920a04f83628c0945","size":127703,"path":"media/videos/final_video_seed0_199753728_16ec5fae903b37c6431f.mp4","width":160},"_runtime":330,"_wandb":{"runtime":330},"env_step":199753728,"final_return_seed0":12}