{"_step":199753728,"returned_episode_lengths":896.3636474609375,"final_video_seed0":{"height":210,"_type":"video-file","sha256":"3a501f49486833537047acd4c22e8ae1784c67108310b0d529619b406ed81976","size":219614,"path":"media/videos/final_video_seed0_199753728_3a501f49486833537047.mp4","width":160},"qvals":2.165684938430786,"time":679.8878173828125,"returned_episode":0,"env_done":0,"env_reward":0.049152374267578125,"td_loss":0.01830580085515976,"_runtime":330,"returned_episode_returns":44.7445068359375,"grad_steps":292608,"env_step":199753728,"final_return_seed0":54,"update_steps":762,"_timestamp":1.7742023956320105e+09,"_wandb":{"runtime":330}}