{"env_done":0,"_wandb":{"runtime":315},"returned_episode_lengths":896.3636474609375,"env_step":199753728,"grad_steps":292608,"returned_episode":0,"env_reward":0.048503875732421875,"td_loss":0.017551101744174957,"update_steps":762,"_step":199753728,"final_return_seed0":38,"_timestamp":1.7741319269353902e+09,"final_video_seed0":{"size":197635,"path":"media/videos/final_video_seed0_199753728_fa83f8e4c458e7d7d9c2.mp4","width":160,"height":210,"_type":"video-file","sha256":"fa83f8e4c458e7d7d9c2b00b66e95e4a9f5d5832ec2cd8bcb3089d2a413786d2"},"time":679.8878173828125,"returned_episode_returns":45.381103515625,"_runtime":315,"qvals":2.1470963954925537}