{"env_step":199753728,"final_video_seed0":{"sha256":"15a56207afcc9677f403e6b00118ae6db7580ebad6ee7ed6a0213e107dbe71b0","size":215962,"path":"media/videos/final_video_seed0_199753728_15a56207afcc9677f403.mp4","width":160,"height":210,"_type":"video-file"},"final_return_seed0":16,"env_reward":0.016357421875,"_wandb":{"runtime":338},"_runtime":338,"_step":199753728,"grad_steps":292608,"td_loss":0.006073459982872009,"returned_episode":0.00093841552734375,"env_done":0.00093841552734375,"returned_episode_lengths":1510.3919677734375,"_timestamp":1.774205127737273e+09,"returned_episode_returns":17.314716339111328,"qvals":0.9243630170822144,"update_steps":762,"time":19421.646484375}