{"time":26526.43359375,"_runtime":307,"_timestamp":1.774202011971214e+09,"env_reward":0.01561737060546875,"env_done":0.0009002685546875,"final_video_seed0":{"_type":"video-file","sha256":"080431dd4933bbde34167d324c91767ceb970c999d8a6490e674aee3f4d8d720","size":88864,"path":"media/videos/final_video_seed0_199753728_080431dd4933bbde3416.mp4","width":160,"height":210},"final_return_seed0":20,"returned_episode_returns":18.304706573486328,"qvals":0.8770325183868408,"_wandb":{"runtime":307},"td_loss":0.005014602094888687,"env_step":199753728,"_step":199753728,"grad_steps":292608,"update_steps":762,"returned_episode":0.0009002685546875,"returned_episode_lengths":1446.77294921875}