{"returned_episode":0.000850677490234375,"qvals":0.909500777721405,"final_video_seed0":{"sha256":"fe1eac9470e94e9108658cabaee856be3fe7b7cab3d1a89a20aae5357ce9812b","size":85022,"path":"media/videos/final_video_seed0_199753728_fe1eac9470e94e910865.mp4","width":160,"height":210,"_type":"video-file"},"_timestamp":1.7741301658748744e+09,"_runtime":298,"update_steps":762,"final_return_seed0":22,"time":26551.625,"td_loss":0.004343635868281126,"env_done":0.000850677490234375,"_wandb":{"runtime":298},"returned_episode_lengths":1488.645263671875,"grad_steps":292608,"returned_episode_returns":18.634868621826172,"env_reward":0.01453399658203125,"env_step":199753728,"_step":199753728}