{"final_video_seed0":{"width":160,"height":210,"_type":"video-file","sha256":"81ad017dd4cad31c7f83ee529312f07f6a75de1c694d768c54f2f4a588756f52","size":90589,"path":"media/videos/final_video_seed0_199753728_81ad017dd4cad31c7f83.mp4"},"env_reward":0.058444976806640625,"grad_steps":292608,"returned_episode":0.002841949462890625,"env_step":199753728,"env_done":0.002841949462890625,"_step":199753728,"_runtime":325,"returned_episode_lengths":381.2315673828125,"qvals":2.371450901031494,"final_return_seed0":16,"update_steps":762,"_wandb":{"runtime":325},"returned_episode_returns":20.21127700805664,"td_loss":0.013835742138326168,"time":1510.32568359375,"_timestamp":1.7741310225442877e+09}