{"returned_episode_lengths":2183.299560546875,"_runtime":1018,"_timestamp":1.7715135556003323e+09,"difficulty_level":1,"_wandb":{"runtime":1018},"returned_episode":0.00048065185546875,"returned_episode_returns":251.3124542236328,"_step":380,"time":6289.5361328125}