{"td_loss":0.15466955304145813,"_step":49938432,"grad_steps":243840,"update_steps":381,"difficulty_level":1,"returned_episode_lengths":3603.692138671875,"final_video_seed0":{"sha256":"5edc8496583b4d0f9023413528a1144d09a1e94f1bcc3fe79f9006cf276a3c17","size":650274,"path":"media/videos/final_video_seed0_49938432_5edc8496583b4d0f9023.mp4","width":160,"height":210,"_type":"video-file"},"time":11751.66796875,"env_step":49938432,"_runtime":1253,"returned_episode_returns":46.1865234375,"returned_episode":0.00026702880859375,"_wandb":{"runtime":1253},"env_done":0.00026702880859375,"final_return_seed0":17640,"env_reward":-0.229949951171875,"_timestamp":1.7720347286017928e+09,"qvals":12.549074172973633}