{"grad_steps":292608,"env_done":0.00292205810546875,"_runtime":306,"returned_episode_returns":20.40746307373047,"_timestamp":1.7742039184060051e+09,"returned_episode":0.00292205810546875,"td_loss":0.013840283267199993,"_wandb":{"runtime":306},"time":1846.11572265625,"env_reward":0.055522918701171875,"env_step":199753728,"returned_episode_lengths":402.83135986328125,"qvals":2.1929569244384766,"final_video_seed0":{"width":160,"height":210,"_type":"video-file","sha256":"668806921bc067da3ff68143d250fb8b5ab24e3fd3bc3d25626f66b390e8c8e4","size":62735,"path":"media/videos/final_video_seed0_199753728_668806921bc067da3ff6.mp4"},"final_return_seed0":22,"_step":199753728,"update_steps":762}