{"returned_episode_lengths":4019.736328125,"time":10718.6005859375,"difficulty_level":1,"_step":49938432,"env_step":49938432,"qvals":12.115962028503418,"returned_episode_returns":476.05133056640625,"_wandb":{"runtime":1267},"td_loss":0.18619051575660706,"returned_episode":0.00018310546875,"_timestamp":1.771446508768098e+09,"grad_steps":243840,"update_steps":381,"_runtime":1267.681693378}